<?xml version="1.0" encoding="UTF-8"?>
<featuremodels>
	<featuremodel name="nivreeager">
		<feature>InputColumn(UPOSTAG, Stack[0])</feature>
		<feature>InputColumn(UPOSTAG, Input[0])</feature>
		<feature>InputColumn(UPOSTAG, Input[1])</feature>
		<feature>InputColumn(UPOSTAG, Input[2])</feature>
		<feature>InputColumn(UPOSTAG, Input[3])</feature>
		<feature>InputColumn(UPOSTAG, Stack[1])</feature>
		<feature>Merge(InputColumn(UPOSTAG, Stack[0]), InputColumn(UPOSTAG, Input[0]))</feature>
		<feature>Merge3(InputColumn(UPOSTAG, Stack[1]), InputColumn(UPOSTAG, Stack[0]), InputColumn(UPOSTAG, Input[0]))</feature>
		<feature>Merge3(InputColumn(UPOSTAG, Stack[0]), InputColumn(UPOSTAG, Input[0]), InputColumn(UPOSTAG, Input[1]))</feature>
		<feature>Merge3(InputColumn(UPOSTAG, Input[0]), InputColumn(UPOSTAG, Input[1]), InputColumn(UPOSTAG, Input[2]))</feature>
		<feature>Merge3(InputColumn(UPOSTAG, Input[1]), InputColumn(UPOSTAG, Input[2]), InputColumn(UPOSTAG, Input[3]))</feature>
		<feature>OutputColumn(DEPREL, Stack[0])</feature>
		<feature>OutputColumn(DEPREL, ldep(Stack[0]))</feature>
		<feature>OutputColumn(DEPREL, rdep(Stack[0]))</feature>
		<feature>OutputColumn(DEPREL, ldep(Input[0]))</feature>
		<feature>Merge3(InputColumn(UPOSTAG, Stack[0]), OutputColumn(DEPREL, ldep(Stack[0])), OutputColumn(DEPREL, rdep(Stack[0])))</feature>
		<feature>Merge(InputColumn(UPOSTAG, Stack[0]), OutputColumn(DEPREL, Stack[0]))</feature>
		<feature>Merge(InputColumn(UPOSTAG, Input[0]), OutputColumn(DEPREL, ldep(Input[0])))</feature>
		<feature>InputColumn(FORM, Stack[0])</feature>
		<feature>InputColumn(FORM, Input[0])</feature>
		<feature>InputColumn(FORM, Input[1])</feature>
		<feature>InputColumn(FORM, head(Stack[0]))</feature>
	</featuremodel>
</featuremodels>
